[
    {
        "id": 1,
        "imageUrl": "https://images.squarespace-cdn.com/content/v1/5c4b34f98ab722e0b5b742b0/1548907208608-NM80U3TPOSHHYC1YQ9PU/Burger.jpg",
        "title": "title",
        "details": "details",
        "signature": "spicy",
        "price": "88"
    },
    {
        "id": 2,
        "imageUrl": "https://images.squarespace-cdn.com/content/v1/5c4b34f98ab722e0b5b742b0/1548907208608-NM80U3TPOSHHYC1YQ9PU/Burger.jpg",
        "title": "title",
        "details": "details",
        "signature": "vegitarian",
        "price": "88"
    },
    {
        "id": 3,
        "imageUrl": "https://images.squarespace-cdn.com/content/v1/5c4b34f98ab722e0b5b742b0/1548907208608-NM80U3TPOSHHYC1YQ9PU/Burger.jpg",
        "title": "title",
        "details": "details",
        "signature": "vegan",
        "price": "88"
    },
    {
        "id": 4,
        "imageUrl": "https://images.squarespace-cdn.com/content/v1/5c4b34f98ab722e0b5b742b0/1548907208608-NM80U3TPOSHHYC1YQ9PU/Burger.jpg",
        "title": "title",
        "details": "details",
        "signature": "spicy",
        "price": "88"
    }
]